lp,lp_country,lp_type,asset_class,fund_name,manager,vintage,date_committed,amount_usd_m,strategy,stage,themes,geography,notes,source_url
Washington State Investment Board,United States,Public pension,Private Equity,"GTCR Fund XV, L.P.",GTCR,2026,2026-09-03,650,Buyout,Mega,fintech; life sciences/health; software/IT,North America,Re-up; Private Markets Committee 3 Sep 2026,https://www.connectmoney.com/stories/wsib-commits-950m-to-gtcr-cdr-pe-buyout-funds/
Washington State Investment Board,United States,Public pension,Private Equity,"Clayton, Dubilier & Rice Fund XIII, L.P.","Clayton, Dubilier & Rice",2026,2026-09-03,300,Buyout,Mega,generalist,North America,Control buyouts North America and Western Europe; committee 3 Sep 2026,https://www.connectmoney.com/stories/wsib-commits-950m-to-gtcr-cdr-pe-buyout-funds/
Oregon Public Employees Retirement Fund,United States,Public pension,Private Equity,Blackstone Energy Transition Partners V,Blackstone,,2026-09-14,160,Buyout,Large,climate/energy transition,North America,OIC commitment reported 14 Sep 2026,https://www.connectmoney.com/stories/oregon-investment-council-commits-1-3b-across-alternatives/
Oregon Public Employees Retirement Fund,United States,Public pension,Infrastructure,LS Power Equity Partners VI,LS Power,,2026-09-14,200,Infrastructure,,climate/energy transition,North America,OIC commitment reported 14 Sep 2026; plus USD25m co-investment,https://www.connectmoney.com/stories/oregon-investment-council-commits-1-3b-across-alternatives/
Oregon Public Employees Retirement Fund,United States,Public pension,Infrastructure,Cube Infrastructure Fund IV,Cube Infrastructure Managers,,2026-09-14,100,Infrastructure,,generalist,Europe,OIC commitment reported 14 Sep 2026,https://www.connectmoney.com/stories/oregon-investment-council-commits-1-3b-across-alternatives/
Oregon Public Employees Retirement Fund,United States,Public pension,Real Estate,Hines Asia Property Partners,Hines,,2026-09-14,120,Real estate,,generalist,Asia,OIC commitment reported 14 Sep 2026,https://www.connectmoney.com/stories/oregon-investment-council-commits-1-3b-across-alternatives/
Teacher Retirement System of Texas,United States,Public pension,Private Equity,GTCR Fund XV A and B,GTCR,2026,2026-09-15,200,Buyout,Mega,fintech; life sciences/health; software/IT,North America,"August 2026 commitment, reported 15 Sep 2026",https://www.connectmoney.com/stories/texas-teachers-commits-798m-across-private-markets/
Teacher Retirement System of Texas,United States,Public pension,Private Equity,270 Private Capital Opportunities Fund IV,J.P. Morgan Investment Management,,2026-09-15,55,Buyout,Mid,generalist,North America,"August 2026 commitment, reported 15 Sep 2026",https://www.connectmoney.com/stories/texas-teachers-commits-798m-across-private-markets/
Teacher Retirement System of Texas,United States,Public pension,Real Estate,Artemis Real Estate Partners Healthcare Fund III,Artemis Real Estate Partners,,2026-09-15,200,Real estate,,life sciences/health,North America,"Senior housing and medical outpatient; August 2026 commitment, reported 15 Sep 2026",https://www.connectmoney.com/stories/texas-teachers-commits-798m-across-private-markets/
Teacher Retirement System of Texas,United States,Public pension,Real Estate,BDT & MSD Real Estate Capital Partners Bluebonnet,BDT & MSD Partners,,2026-09-15,200,Real estate,,generalist,North America,"Opportunistic; August 2026 commitment, reported 15 Sep 2026",https://www.connectmoney.com/stories/texas-teachers-commits-798m-across-private-markets/
Teacher Retirement System of Texas,United States,Public pension,Infrastructure,Blackstone Infrastructure Partners Europe,Blackstone,,2026-09-15,100,Infrastructure,,generalist,Europe,"August 2026 commitment, reported 15 Sep 2026",https://www.connectmoney.com/stories/texas-teachers-commits-798m-across-private-markets/
Teacher Retirement System of Texas,United States,Public pension,Real Assets,Lime Rock Resources III-CV,Lime Rock Resources,,2026-09-15,43,Real assets/natural resources,,generalist,North America,"Oil and gas; August 2026 commitment, reported 15 Sep 2026",https://www.connectmoney.com/stories/texas-teachers-commits-798m-across-private-markets/
California Public Employees' Retirement System,United States,Public pension,Private Credit,West Street Strategic Solutions II,Goldman Sachs Asset Management,,2026-09-11,1000,Private credit,,generalist,Global,Q1 2026 commitment disclosed Sep 2026,https://www.connectmoney.com/stories/calpers-directs-12-7b-to-private-markets-in-q1/
California Public Employees' Retirement System,United States,Public pension,Private Equity,Grand Isle LP,not disclosed,,2026-09-11,1000,Other,,generalist,Global,Private equity vehicle; Q1 2026 commitment disclosed Sep 2026,https://www.connectmoney.com/stories/calpers-directs-12-7b-to-private-markets-in-q1/
California Public Employees' Retirement System,United States,Public pension,Venture capital,Thrive Capital X,Thrive Capital,,2026-09-11,1200,Venture,Multi-stage,software/IT,North America,Thrive Capital vehicles; Q1 2026 commitment disclosed Sep 2026,https://www.connectmoney.com/stories/calpers-directs-12-7b-to-private-markets-in-q1/
California Public Employees' Retirement System,United States,Public pension,Real Estate,Ares U.S. Real Estate Fund XI,Ares Management,2026,2026-09-11,450,Real estate,,generalist,North America,Value-add; Q1 2026 commitment disclosed Sep 2026,https://irei.com/news/calpers-commits-800m-to-real-estate-in-q1-2026/
California Public Employees' Retirement System,United States,Public pension,Real Estate,Ares U.S. Real Estate Fund XI Co-Invest,Ares Management,2026,2026-09-11,350,Co-investment,,generalist,North America,Real estate co-investment; Q1 2026 commitment disclosed Sep 2026,https://irei.com/news/calpers-commits-800m-to-real-estate-in-q1-2026/
California State Teachers' Retirement System,United States,Public pension,Real Estate,CBRE Asia Value-Add Partners VII,CBRE Investment Management,,2026-09-30,200,Real estate,,industrials,Asia,H1 2026 activity disclosed at Sep 2026 board,https://www.connectmoney.com/stories/calstrs-tops-9b-in-private-markets-activity-in-h1-2026/
California State Teachers' Retirement System,United States,Public pension,Real Estate,BlackRock Residential SMA,BlackRock,,2026-09-30,682,Real estate,,generalist,North America,Separate account; H1 2026 activity disclosed Sep 2026,https://www.connectmoney.com/stories/calstrs-tops-9b-in-private-markets-activity-in-h1-2026/
California State Teachers' Retirement System,United States,Public pension,Private Equity,Permira IX,Permira,,2026-09-30,346,Buyout,Mega,software/IT,Europe,H1 2026 activity disclosed Sep 2026,https://www.connectmoney.com/stories/calstrs-tops-9b-in-private-markets-activity-in-h1-2026/
California State Teachers' Retirement System,United States,Public pension,Private Equity,CapVest VI,CapVest,,2026-09-30,,Buyout,Large,consumer,Europe,Amount not disclosed; H1 2026 activity disclosed Sep 2026,https://www.connectmoney.com/stories/calstrs-tops-9b-in-private-markets-activity-in-h1-2026/
California State Teachers' Retirement System,United States,Public pension,Private Equity,Apollo Investment Fund XI,Apollo,,2026-09-30,400,Buyout,Mega,generalist,North America,H1 2026 activity disclosed Sep 2026,https://www.connectmoney.com/stories/calstrs-tops-9b-in-private-markets-activity-in-h1-2026/
Connecticut Retirement Plans and Trust Funds,United States,Public pension,Private Credit,Fortress Lending Fund V,Fortress Investment Group,,2026-09-11,500,Private credit,,generalist,North America,Approved Sep 2026,https://www.connectmoney.com/stories/connecticut-pension-deploys-1-17b-across-private-markets-mulls-asset-allocation-revisions/
Connecticut Retirement Plans and Trust Funds,United States,Public pension,Infrastructure,IFM Global Value-Add Infrastructure Fund,IFM Investors,,2026-09-11,250,Infrastructure,,generalist,Global,Approved Sep 2026,https://www.connectmoney.com/stories/connecticut-pension-deploys-1-17b-across-private-markets-mulls-asset-allocation-revisions/
Oklahoma Teachers' Retirement System,United States,Public pension,Infrastructure,TPG Peppertree Fund XI,TPG Angelo Gordon,,2026-09-10,150,Infrastructure,,software/IT,North America,Communications infrastructure,https://irei.com/news/oklahoma-trs-commits-300m-to-communication-infrastructure-funds/
Oklahoma Teachers' Retirement System,United States,Public pension,Infrastructure,SDC Digital Infrastructure Opportunity Fund V,SDC Capital Partners,,2026-09-10,150,Infrastructure,,software/IT,North America,"Digital infrastructure, value-add",https://irei.com/news/oklahoma-trs-commits-300m-to-communication-infrastructure-funds/
Indiana Public Retirement System,United States,Public pension,Real Estate,Carlyle Europe Realty Fund III,Carlyle,,2026-09-24,82.5,Real estate,,generalist,Europe,EUR75m,https://irei.com/news/the-indiana-public-retirement-system-commits-236m-to-real-estate-2/
Indiana Public Retirement System,United States,Public pension,Real Estate,Ambrose Fund II,Ambrose,,2026-09-24,150,Real estate,,industrials,North America,"Industrial/logistics, opportunistic",https://irei.com/news/the-indiana-public-retirement-system-commits-236m-to-real-estate-2/
Border to Coast Pensions Partnership,United Kingdom,Public pension (LGPS),Venture capital,Clean Growth Fund II,Clean Growth Fund,2026,2026-09-08,29.25,Venture,Early,climate/energy transition; deep tech,UK,GBP22.5m via UK Opportunities Fund; second close GBP81.5m of GBP150m target,https://www.professionalpensions.com/news/4535391/clean-growth-fund-ii-announces-close-lgps-scheme-commitments
British Business Bank / British Patient Capital,UK,Government fund of funds,Private Equity,South East Investment Fund,Maven Capital Partners; The FSE Group,2026,2026-09-09,273,Other,,generalist,UK,GBP210m regional SME fund (loans and equity up to GBP5m); BBB-created fund,https://www.british-business-bank.co.uk/news-and-events/news/new-p210m-investment-fund-launches-to-unlock-growth-the-south-east-of-england
British Business Bank / British Patient Capital,UK,Government fund of funds,Private Equity,East of England Investment Fund,Mercia Ventures; Eastmeare (Beechbrook),2026,2026-09-23,182,Other,,generalist,UK,GBP140m regional SME fund (loans and equity up to GBP5m); BBB-created fund,https://www.british-business-bank.co.uk/news-and-events/news/new-ps140m-investment-fund-unlock-growth-smaller-businesses-east-england
European Investment Fund,EU,Supranational / DFI,Venture capital,Auxxo Female Catalyst Fund II,Auxxo,,2026-09-01,,Venture,Early,generalist; impact,Europe,Anchor LP; final close EUR33.3m; female-founder focus,https://www.vestbee.com/insights/articles/auxxo-female-catalyst-fund-ii-closes-at-33-3-m
European Investment Fund,EU,Supranational / DFI,Venture capital,Brighteye Ventures Fund III,Brighteye Ventures,2026,2026-09-16,,Venture,Early,software/IT,Europe,Returning LP; first close USD72m; edtech/future of work,https://www.vestbee.com/insights/articles/brighteye-ventures-closes-72-m-fund
European Investment Fund,EU,Supranational / DFI,Venture capital,Educapital III,Educapital,2026,2026-09-24,22,Venture,Multi-stage,software/IT,Europe,"EUR20m under InvestEU; edtech and future of work, seed to Series B",https://fundmomentum.vc/blog/educapital-iii-eif-20m-commitment-edtech-future-of-work-2026
EIFO (Vaekstfonden),Denmark,Government fund of funds,Venture capital,Seed Capital Fund V,Seed Capital,2026,2026-09-11,,Venture,Early,fintech; software/IT,Europe,EUR130m Nordic early-stage fund,https://www.vestbee.com/insights/articles/seed-capital-raises-130-m-fund-v-to-back-nordic-startups
Proparco,France,DFI,Private Equity,Capitalworks Private Equity Fund IV,Capitalworks,2026,2026-09-07,15,Buyout,Mid,consumer; industrials,Africa,South Africa mid-market; USD350m target,https://www.ecofinagency.com/news-finances/0809-58709-proparco-targets-south-africa-s-mid-market-firms-with-15-million-investment
Proparco,France,DFI,Infrastructure,Africa Green Infrastructure Alliance - Project Development Fund (AGIA-PD),Africa50,,2026-09-11,10,Infrastructure,,climate/energy transition,Africa,"Senior tranche; project development fund, USD400m target",https://innovation-village.com/proparco-injects-10m-into-africa50s-green-infrastructure-fund/
Asian Infrastructure Investment Bank,China,DFI,Venture capital,Glory Ventures Investments Fund III,Glory Ventures,2026,2026-09-03,5,Venture,Early,deep tech; climate/energy transition,Asia,AIIB VC programme for green and tech-enabled infrastructure,https://www.aiib.org/en/news-events/news/2026/aiib-invests-in-deep-tech-innovation-across-asia-via-glory-ventures-fund-iii.html
IFC,Supranational (World Bank Group),Supranational / DFI,Infrastructure,Camco Renewable Energy Performance Platform 2 (REPP 2),Camco,,2026-09-08,40,Infrastructure,,climate/energy transition,Africa,Proposed; IFC board date Nov 2026; decentralised renewables debt and equity,https://techmoran.com/2026/09/08/ifc-proposes-40-million-camco-fund-investment-to-boost-renewable-energy-in-africa/
British International Investment,United Kingdom,DFI,Venture capital,Ventures Platform Fund II,Ventures Platform,,2026-08-26,,Venture,Early,generalist,Africa,"Final close USD84m announced 26 Aug 2026, published Sep 2026; pre-seed to Series A",https://allafrica.com/stories/202609020209.html
Proparco,France,DFI,Venture capital,Ventures Platform Fund II,Ventures Platform,,2026-08-26,,Venture,Early,generalist,Africa,"Final close USD84m announced 26 Aug 2026, published Sep 2026; pre-seed to Series A",https://allafrica.com/stories/202609020209.html
EBRD,Supranational (London),Supranational / DFI,Venture capital,Ventures Platform Fund II,Ventures Platform,,2026-08-26,,Venture,Early,generalist,Africa,"Final close USD84m announced 26 Aug 2026, published Sep 2026; pre-seed to Series A",https://allafrica.com/stories/202609020209.html
Norfund,Norway,DFI,Venture capital,Ventures Platform Fund II,Ventures Platform,,2026-08-26,,Venture,Early,generalist,Africa,"Final close USD84m announced 26 Aug 2026, published Sep 2026; pre-seed to Series A",https://allafrica.com/stories/202609020209.html
AfricaGrow,Germany,Government fund of funds,Venture capital,Ventures Platform Fund II,Ventures Platform,,2026-08-26,,Venture,Early,generalist,Africa,"Final close USD84m announced 26 Aug 2026, published Sep 2026; pre-seed to Series A",https://allafrica.com/stories/202609020209.html
